"time","CPI_Level","Savings_Rate","TD_3m","TD_12m","Prime_Lending","Max_Lending","GDP_constant_2010","unemployment","cpi_yoy","gdp_growth_yoy","d_prime_lending","d_max_lending","d_savings_rate","reconstructed_level","type","pi_lower","pi_upper"
2000-04-01,0.0682888540031398,5.13333333333333,12.4666666666667,12.58,21.0333333333333,27.05,25342.7651968771,12.9099803463527,NA,NA,NA,NA,NA,12.9099803463527,"Observed Historical",NA,NA
2000-07-01,0.0546866799622126,4.95666666666667,10.86,11.3666666666667,21.2633333333333,26.2633333333333,25459.6382677077,13.7644284848447,NA,NA,NA,NA,NA,13.7644284848447,"Observed Historical",NA,NA
2000-10-01,0.0149283439490446,4.95,10.72,11.43,21.3266666666667,26.5866666666667,25634.9478739537,14.1444677921392,NA,NA,NA,NA,NA,14.1444677921392,"Observed Historical",NA,NA
2001-01-01,0.0331437536771918,4.7,12.6666666666667,13.25,21.4666666666667,25.9666666666667,25868.6940156149,14.0500982682363,NA,NA,NA,NA,NA,14.0500982682363,"Observed Historical",NA,NA
2001-04-01,0.0910212604403948,4.9,13.8666666666667,13.82,22.7666666666667,28.0333333333333,26388.8428660335,13.8323111513806,0.332886043690378,0.0412771716515493,1.73333333333333,0.983333333333331,-0.233333333333333,13.8323111513806,"Observed Historical",NA,NA
2001-07-01,0.0396694214876032,5.03333333333333,17.2666666666667,18.4,23.7333333333333,28.8,27195.3944252094,13.4911064415721,-0.274605415523232,0.0681767800174626,2.47,2.53666666666667,0.0766666666666671,13.4911064415721,"Observed Historical",NA,NA
2001-10-01,0.00493682537026187,5,19.2066666666667,19.7166666666667,25.2433333333333,31.0133333333333,28288.3486931427,13.0264841388109,-0.669298524530725,0.103507166553865,3.91666666666667,4.42666666666667,0.0499999999999998,13.0264841388109,"Observed Historical",NA,NA
2002-01-01,0.0348043297252291,5.09,18.62,19.4466666666667,25.4833333333333,31.01,29667.7056698332,12.4384442430969,0.0501022323606051,0.146857497016476,4.01666666666667,5.04333333333333,0.39,12.4384442430969,"Observed Historical",NA,NA
2002-04-01,0.0332314129385259,3.63333333333333,16.7633333333333,16.83,25.4133333333333,30.5166666666667,30778.0741925762,12.2678505875726,-0.634904935640971,0.166329056140325,2.64666666666667,2.48333333333333,-1.26666666666667,12.2678505875726,"Observed Historical",NA,NA
2002-07-01,0.047659839576357,4.00666666666667,15.5366666666667,15.6333333333333,26.25,31.94,31619.4542613716,12.5147031722378,0.201425122654002,0.16267680354219,2.51666666666667,3.14,-1.02666666666667,12.5147031722378,"Observed Historical",NA,NA
2002-10-01,-0.0193265442652197,3.85,14.3066666666667,14.07,22.2533333333333,27.28,32191.8458762194,13.1790019970927,-4.91477170362104,0.13798957392034,-2.99,-3.73333333333333,-1.15,13.1790019970927,"Observed Historical",NA,NA
2003-01-01,0.0164481164253772,4.28333333333333,13.7733333333333,13.7933333333333,21.5733333333333,24.1933333333333,32495.2490371196,14.2607470621372,-0.527411774476605,0.095307112681837,-3.91,-6.81666666666666,-0.806666666666667,14.2607470621372,"Observed Historical",NA,NA
2003-04-01,0.0563758389261744,4.5,14.02,12.1666666666667,21.13,22.94,32957.1586866319,14.9091462633001,0.69646229097941,0.0707998973691886,-4.28333333333333,-7.57666666666666,0.866666666666667,14.9091462633001,"Observed Historical",NA,NA
2003-07-01,0.0880982634476917,4.26666666666667,14.86,13.0533333333333,20.4166666666667,22.5533333333333,33577.5748247562,15.1241996005815,0.848480066882043,0.0619277153615145,-5.83333333333333,-9.38666666666667,0.26,15.1241996005815,"Observed Historical",NA,NA
2003-10-01,0.0517711171662125,3.39,14.59,13.1366666666667,19.7366666666667,21.8333333333333,34356.4974514927,14.9059070739813,-3.67875707398868,0.0672422321974504,-2.51666666666667,-5.44666666666667,-0.46,14.9059070739813,"Observed Historical",NA,NA
2004-01-01,0.0193066864051321,4.45666666666667,15.5366666666667,15.2366666666667,19.51,21.37,35293.9265668412,14.2542686834995,0.173793150888969,0.0861257449211933,-2.06333333333334,-2.82333333333333,0.173333333333334,14.2542686834995,"Observed Historical",NA,NA
2004-04-01,0.00369137670196671,3.32333333333333,13.07,12.7066666666667,19.3566666666667,20.9766666666667,36123.8755862442,13.651905853907,-0.934522008500828,0.0960858589092142,-1.77333333333333,-1.96333333333333,-1.17666666666667,13.651905853907,"Observed Historical",NA,NA
2004-07-01,0.0306885324972868,4.56333333333333,13.16,12.5066666666667,18.95,20.4333333333333,36846.3445097016,13.0988185852038,-0.65165564795147,0.0973497848491219,-1.46666666666667,-2.12,0.296666666666667,13.0988185852038,"Observed Historical",NA,NA
2004-10-01,0.0456273764258555,4.4,13,12.8333333333333,18.91,20.49,37461.3333372134,12.5950068773898,-0.118671202721631,0.0903711412987995,-0.826666666666664,-1.34333333333333,1.01,12.5950068773898,"Observed Historical",NA,NA
2005-01-01,0.0383776223776223,4.33,12.44,13.13,18.4966666666667,20.22,37968.8420687797,12.1404707304651,0.987789182063932,0.07578968287568,-1.01333333333333,-1.15,-0.126666666666667,12.1404707304651,"Observed Historical",NA,NA
2005-04-01,0.0524756209255968,4.03666666666667,11.3766666666667,11.4033333333333,18.03,19.3733333333333,38495.1127338943,11.8624679795092,13.2157317343523,0.0656418257777724,-1.32666666666666,-1.60333333333333,0.713333333333334,11.8624679795092,"Observed Historical",NA,NA
2005-07-01,0.104479140005119,3.61,9.43666666666667,10.0966666666667,17.6366666666667,19.0866666666667,39040.1453325574,11.7609986245221,2.40450101399785,0.0595391714442167,-1.31333333333333,-1.34666666666667,-0.953333333333334,11.7609986245221,"Observed Historical",NA,NA
2005-10-01,-0.0466722284019281,3.33,8.87666666666667,8.64666666666667,17.63,19.2866666666667,39603.9398647688,11.8360626655039,-2.02289967247559,0.0571951486154659,-1.28,-1.20333333333334,-1.07,11.8360626655039,"Observed Historical",NA,NA
2006-01-01,0.00345179639262965,3.48,9.25666666666667,8.72333333333333,16.52,18.0866666666667,40186.4963305287,12.0876601024546,-0.910057054638112,0.0584072134128235,-1.97666666666667,-2.13333333333333,-0.85,12.0876601024546,"Observed Historical",NA,NA
2006-04-01,0.0458817829457364,2.96333333333333,9.77,8.73666666666667,16.7666666666667,18.3333333333333,40795.5923846212,12.273235036253,-0.12565526359773,0.0597603042918562,-1.26333333333334,-1.04,-1.07333333333333,12.273235036253,"Observed Historical",NA,NA
2006-07-01,0.0427572149905036,2.93333333333333,9.73333333333333,8.06,17.0266666666667,18.5066666666667,41431.2280270464,12.3927874668993,-0.590758356276586,0.0612467672474312,-0.609999999999999,-0.579999999999998,-0.676666666666666,12.3927874668993,"Observed Historical",NA,NA
2006-10-01,-0.0180364282541094,3.14333333333333,10.2466666666667,7.89333333333333,17.26,18.6966666666667,42093.4032578043,12.4463173943934,-0.613551165828537,0.0628589832611587,-0.369999999999997,-0.59,-0.186666666666667,12.4463173943934,"Observed Historical",NA,NA
2007-01-01,-0.00325732899022794,3.61666666666667,10.2833333333333,8.41666666666667,17.4833333333333,18.7533333333333,42782.1180768948,12.4338248187352,-1.94366197183097,0.0645894014998845,0.963333333333335,0.666666666666668,0.136666666666667,12.4338248187352,"Observed Historical",NA,NA
2007-04-01,0.0297748729121278,3.81333333333333,10.3733333333333,8.11333333333333,17.3033333333333,18.1633333333333,43479.7127737732,12.5352978609779,-0.351052400310118,0.0657943721921258,0.536666666666669,-0.169999999999998,0.85,12.5352978609779,"Observed Historical",NA,NA
2007-07-01,0.035657616361072,3.51,10.45,8.12666666666667,16.4833333333333,18.3,44186.1873484393,12.7507365211214,-0.166044458952913,0.0664947541403912,-0.543333333333333,-0.206666666666667,0.576666666666666,12.7507365211214,"Observed Historical",NA,NA
2007-10-01,-0.00825637315401977,3.24333333333333,10.0466666666667,7.75,16.4866666666667,18.2366666666667,44901.5418008932,13.0801407991657,-0.542239015524669,0.0667120813655839,-0.773333333333333,-0.459999999999997,0.0999999999999996,13.0801407991657,"Observed Historical",NA,NA
2008-01-01,0.0222718104965026,2.88333333333333,10.8666666666667,10.4033333333333,15.4433333333333,18,45625.7761311349,13.5235106951108,-7.83744582242646,0.0664683793618881,-2.04,-0.753333333333334,-0.733333333333333,13.5235106951108,"Observed Historical",NA,NA
2008-04-01,0.0474351439845521,2.84,11.7633333333333,11.5766666666667,15.1933333333333,18.0866666666667,46386.2634107777,14.2514543754445,0.593126665042151,0.0668484323281398,-2.11,-0.076666666666668,-0.973333333333333,14.2514543754445,"Observed Historical",NA,NA
2008-07-01,0.065084963129208,2.78666666666667,12.1766666666667,12.36,15.0233333333333,18.4433333333333,47183.0036398216,15.263971840167,0.825275208251505,0.0678224683145946,-1.46,0.143333333333331,-0.723333333333333,15.263971840167,"Observed Historical",NA,NA
2008-10-01,0.00726219145093331,2.83,12.6633333333333,12.7766666666667,14.8833333333333,20.2633333333333,48015.9968182665,16.5610630892781,-1.8795861470236,0.0693618724983592,-1.60333333333334,2.02666666666666,-0.413333333333333,16.5610630892781,"Observed Historical",NA,NA
2009-01-01,0.0173708394037879,2.6,13.1,13.43,18.29,22.47,48885.2429461125,18.1427281227779,-0.220052657752468,0.0714391532893472,2.84666666666667,4.47,-0.283333333333333,18.1427281227779,"Observed Historical",NA,NA
2009-04-01,0.0311008298450467,2.61666666666667,12.98,13.07,19.0366666666667,22.6,49904.548218806,19.3983028870667,-0.344350470293184,0.0758475580770928,3.84333333333333,4.51333333333334,-0.223333333333333,19.3983028870667,"Observed Historical",NA,NA
2009-07-01,0.0489654926818845,2.51666666666667,12.5366666666667,13.42,19.2133333333333,22.93,51073.9126363469,20.3277873821445,-0.247668119828582,0.0824642073706709,4.19,4.48666666666667,-0.27,20.3277873821445,"Observed Historical",NA,NA
2009-10-01,0.0235605649103748,2.97,13.2166666666667,11.4733333333333,19.4233333333333,22.49,52393.3361987353,20.9311816080113,2.24427758061196,0.0911641884065505,4.54,2.22666666666667,0.14,20.9311816080113,"Observed Historical",NA,NA
2010-01-01,0.0383747927031509,3.22666666666667,10.6333333333333,8.4,18.8633333333333,23.2366666666667,53862.8189059712,21.2084855646671,1.20915016316269,0.101821647185952,0.573333333333334,0.766666666666669,0.626666666666666,21.2084855646671,"Observed Historical",NA,NA
2010-04-01,0.0226466924330022,2.60333333333333,6.17666666666667,6,18.49,22.6866666666667,55093.2244264771,21.2760129214626,-0.271829962549728,0.10397201042521,-0.546666666666667,0.086666666666666,-0.0133333333333332,21.2760129214626,"Observed Historical",NA,NA
2010-07-01,0.0438218390804597,1.50666666666667,4.59666666666667,4.51333333333333,16.9833333333333,22.26,56084.5527602532,21.1337636783979,-0.105046499477534,0.098105664227895,-2.23,-0.670000000000002,-1.01,21.1337636783979,"Observed Historical",NA,NA
2010-10-01,0.0165175498967653,1.49,4.67666666666667,3.76666666666667,16.0033333333333,21.85,56836.8039072995,20.7817378354729,-0.298932349050259,0.0848097874834601,-3.42,-0.639999999999997,-1.48,20.7817378354729,"Observed Historical",NA,NA
2011-01-01,0.0320273174177975,1.44333333333333,5,4.12333333333333,15.7766666666667,22,57349.9778676159,20.2199353926876,-0.165407415603635,0.0647414864738573,-3.08666666666667,-1.23666666666667,-1.78333333333333,20.2199353926876,"Observed Historical",NA,NA
2011-04-01,0.0162297840782681,1.37666666666667,5.36666666666667,4.22333333333333,15.7733333333333,22.1066666666667,57887.3963046962,20.4672402584985,-0.283348589367643,0.0507171600011901,-2.71666666666667,-0.580000000000002,-1.22666666666667,20.4672402584985,"Observed Historical",NA,NA
2011-07-01,0.0287975749410575,1.42,5.37666666666667,4.44666666666667,15.8433333333333,22.26,58449.0592185404,21.5236524329056,-0.342848781672917,0.0421596739550518,-1.14,3.5527136788005e-15,-0.0866666666666667,21.5236524329056,"Observed Historical",NA,NA
2011-10-01,0.0236809079500192,1.4,7.02666666666667,6.02666666666667,16.6866666666667,23.2933333333333,59034.9666091485,23.389171915909,0.433681635474076,0.0386749878728961,0.683333333333334,1.44333333333333,-0.0900000000000001,23.389171915909,"Observed Historical",NA,NA
2012-01-01,0.0483716219817707,1.52666666666667,7.94,7.08,17.1,23.1433333333333,59645.1184765205,26.0637987075085,0.510323869800305,0.0400199040041927,1.32333333333333,1.14333333333333,0.0833333333333333,26.0637987075085,"Observed Historical",NA,NA
2012-04-01,0.0217861046851566,1.78333333333333,8.17666666666667,7.22333333333333,16.9366666666667,23.3966666666667,60299.1518328612,27.668129941145,0.342353328922498,0.0416628779686417,1.16333333333333,1.29,0.406666666666667,27.668129941145,"Observed Historical",NA,NA
2012-07-01,0.02050057222471,1.78666666666667,8.56666666666667,6.74666666666667,16.62,23.96,60997.0666781707,28.2021656168184,-0.288114632337262,0.0435936436564916,0.776666666666667,1.7,0.366666666666667,28.2021656168184,"Observed Historical",NA,NA
2012-10-01,0.0245258179335901,1.69,8.93666666666667,7.67,16.51,24.6533333333333,61738.8630124488,27.6659057345288,0.0356789522324961,0.0458016080741088,-0.176666666666666,1.36,0.29,27.6659057345288,"Observed Historical",NA,NA
2013-01-01,0.0207500475918525,1.72666666666667,8.38666666666667,5.95,16.58,23.8166666666667,62524.5408356958,26.0593502942762,-0.571028492704414,0.0482759097931671,-0.520000000000003,0.673333333333336,0.2,26.0593502942762,"Observed Historical",NA,NA
2013-04-01,0.0193491234613949,2.03666666666667,7.72333333333333,5.69,16.6233333333333,24.56,63406.1356307163,24.8729880004648,-0.11185942870375,0.05152616087316,-0.313333333333336,1.16333333333333,0.253333333333333,24.8729880004648,"Observed Historical",NA,NA
2013-07-01,0.0157572153867265,2.43333333333333,7.75,5.08666666666667,16.5933333333333,24.73,64383.6473975105,24.1068188530945,-0.231376801876102,0.0555203865328134,-0.0266666666666673,0.77,0.646666666666667,24.1068188530945,"Observed Historical",NA,NA
2013-10-01,0.0208037825059101,2.48333333333333,7.92,5.41333333333333,17.0933333333333,24.9333333333333,65457.0761360783,23.7608428521653,-0.151759889833578,0.0602248396262135,0.583333333333332,0.280000000000001,0.793333333333333,23.7608428521653,"Observed Historical",NA,NA
2014-01-01,0.0201371887337611,3.30333333333333,9.41333333333333,9.21333333333333,16.8566666666667,25.7166666666667,66626.4218464197,23.8350599976772,-0.0295352989133368,0.0656043364077322,0.276666666666667,1.9,1.57666666666667,23.8350599976772,"Observed Historical",NA,NA
2014-04-01,0.0209504453861456,3.41666666666667,9.36666666666667,9.39,16.5666666666667,25.82,67634.5753919885,23.8907228568112,0.0827594039567541,0.0666881796092902,-0.0566666666666649,1.26,1.38,23.8907228568112,"Observed Historical",NA,NA
2014-07-01,0.019419326147265,3.36,9.06666666666667,8.63,16.4933333333333,25.6366666666667,68481.5367727847,23.9278314295672,0.232408497990283,0.0636479842462711,-0.0999999999999979,0.906666666666666,0.926666666666667,23.9278314295672,"Observed Historical",NA,NA
2014-10-01,0.0171382275956625,3.44,9.50333333333333,9.4,16.2766666666667,25.8,69167.3059888082,24.3031361655978,-0.176196559890311,0.0566818756923505,-0.816666666666666,0.866666666666667,0.956666666666667,24.3031361655978,"Observed Historical",NA,NA
2015-01-01,0.0233645814186222,3.57,9.4,9.46666666666667,16.8433333333333,26.3033333333333,69691.8830400591,24.1602985910037,0.160270270469788,0.0460096926817646,-0.0133333333333319,0.586666666666666,0.266666666666667,24.1602985910037,"Observed Historical",NA,NA
2015-04-01,0.0267028558883987,3.6,9.28333333333333,8.16333333333333,16.4233333333333,26.56,69937.2366445359,26.5294153397104,0.274572229669979,0.0340456229554467,-0.143333333333334,0.739999999999998,0.183333333333334,26.5294153397104,"Observed Historical",NA,NA
2015-07-01,0.022975993779765,3.66,10.3966666666667,11.2833333333333,17.2033333333333,27.01,69903.3668022387,27.2893024716935,0.183150929415789,0.0207622389399854,0.709999999999997,1.37333333333333,0.3,27.2893024716935,"Observed Historical",NA,NA
2015-10-01,0.0179565622209131,3.50333333333333,7.51333333333333,5.8,16.9266666666667,26.9566666666667,69590.2735131673,29.1741449415156,0.0477490814428052,0.00611513659976124,0.649999999999999,1.15666666666667,0.0633333333333335,29.1741449415156,"Observed Historical",NA,NA
2016-01-01,0.0407302322108565,3.28,6.81,5.21,16.6933333333333,26.81,68997.9567773219,31.2265028271716,0.74324681795469,-0.00995706002574763,-0.150000000000002,0.506666666666668,-0.29,31.2265028271716,"Observed Historical",NA,NA
2016-04-01,0.06358288194569,3.57333333333333,6.90333333333333,5.27333333333333,16.56,26.8466666666667,68622.819372055,32.6209847469485,1.38112665594372,-0.0187942408871763,0.136666666666667,0.286666666666669,-0.0266666666666668,32.6209847469485,"Observed Historical",NA,NA
2016-07-01,0.0429855478169952,3.95666666666667,7.70666666666667,5.35333333333333,17.1366666666667,27.2533333333333,68464.8612973669,33.6126890368413,0.870889600207534,-0.0205784867121116,-0.0666666666666664,0.243333333333332,0.296666666666666,33.6126890368413,"Observed Historical",NA,NA
2016-10-01,0.0260153925753461,4.18,8.56,9.05,17.0833333333333,28.2566666666667,68524.0825532575,35.2125548285169,0.448795836045235,-0.0153209767124725,0.156666666666666,1.3,0.676666666666666,35.2125548285169,"Observed Historical",NA,NA
2017-01-01,0.0359456009581291,4.22333333333333,9.04,10.57,17.1566666666667,29.44,68800.4831397266,34.8253763818464,-0.11747124907017,-0.00286202152670302,0.463333333333335,2.63,0.943333333333334,34.8253763818464,"Observed Historical",NA,NA
2017-04-01,0.0510967781192004,4.13333333333333,9.29333333333333,10.9533333333333,17.5366666666667,30.6666666666667,69073.1261184238,37.2457412720368,-0.196375241958279,0.00656205545748983,0.976666666666667,3.82,0.56,37.2457412720368,"Observed Historical",NA,NA
2017-07-01,0.0384387165868273,4.08,10.0366666666667,11.1233333333333,17.74,31.1766666666667,69342.011489349,39.9904769241699,-0.105775812129356,0.0128116843496159,0.603333333333332,3.92333333333333,0.123333333333334,39.9904769241699,"Observed Historical",NA,NA
2017-10-01,0.0234275918776915,4.08,9.84666666666667,10.8133333333333,17.78,31.11,69607.1392525023,40.8747565709577,-0.0994719064938097,0.0158054899662913,0.696666666666669,2.85333333333333,-0.0999999999999996,40.8747565709577,"Observed Historical",NA,NA
2018-01-01,0.0227959800637306,4.07,10.1333333333333,10.7066666666667,17.46,31.4466666666667,69868.5094078835,42.0061422981767,-0.365820032045525,0.0155235286064465,0.303333333333335,2.00666666666666,-0.153333333333333,42.0061422981767,"Observed Historical",NA,NA
2018-04-01,0.0282260211961443,4.07,9.74666666666667,10.0133333333333,17.0333333333333,31.34,70240.1937068828,42.8284931288796,-0.447596849838602,0.0168961165368147,-0.503333333333334,0.673333333333332,-0.0633333333333335,42.8284931288796,"Observed Historical",NA,NA
2018-07-01,0.0333169316828093,4.07,9.46666666666667,10.0966666666667,16.69,30.93,70722.1921495,43.2670297990313,-0.133245471202158,0.019903960535713,-1.05,-0.246666666666666,-0.00999999999999979,43.2670297990313,"Observed Historical",NA,NA
2018-10-01,0.0244483151840202,4.07,9.46,10.4066666666667,16.4466666666667,30.6633333333333,71314.5047357352,45.4110948089148,0.0435692798328418,0.0245285972325247,-1.33333333333333,-0.446666666666665,-0.00999999999999979,45.4110948089148,"Observed Historical",NA,NA
2019-01-01,0.0226416479107545,4.03666666666667,9.61666666666667,10.5433333333333,15.67,30.6233333333333,72017.1314655883,46.2390298809185,-0.00677014774291921,0.0307523672096878,-1.79,-0.823333333333334,-0.0333333333333332,46.2390298809185,"Observed Historical",NA,NA
2019-04-01,0.0283841488941783,3.91666666666667,9.12333333333333,10.5633333333333,16.4533333333333,31,72328.9655712944,48.7508037979328,0.0056021958226122,0.0297375584288425,-0.579999999999998,-0.34,-0.153333333333333,48.7508037979328,"Observed Historical",NA,NA
2019-07-01,0.0313575881641389,3.93,8.91333333333333,9.99,15.3366666666667,31.18,72250.0070528534,50.2210894969215,-0.0588092426194633,0.0216030478823932,-1.35333333333333,0.25,-0.14,50.2210894969215,"Observed Historical",NA,NA
2019-10-01,0.0309003969686034,3.91666666666667,7.94666666666667,9.49666666666667,14.99,30.2266666666667,71780.2559102654,52.331556267447,0.263907011015643,0.00653094593107135,-1.45666666666667,-0.436666666666667,-0.153333333333333,52.331556267447,"Observed Historical",NA,NA
2020-01-01,0.0261234848816349,3.89,6.05666666666667,8.21333333333333,13.26,28.9866666666667,70919.7121435303,53.1941942208172,0.153780192351924,-0.0152383092706539,-2.41,-1.63666666666667,-0.146666666666667,53.1941942208172,"Observed Historical",NA,NA
2020-04-01,0.0305863539445629,3.76666666666667,5.45333333333333,7.47666666666667,12.4233333333333,28.69,70527.8257794243,55.6801163514713,0.0775857348619057,-0.02490205379883,-4.03,-2.31,-0.15,55.6801163514713,"Observed Historical",NA,NA
2020-07-01,0.03883354539718,3.32333333333333,4.02,5.38333333333333,11.8133333333333,28.4133333333333,70604.5968179474,55.5950261040618,0.238409829031137,-0.0227738418586223,-3.52333333333334,-2.76666666666667,-0.606666666666667,55.5950261040618,"Observed Historical",NA,NA
2020-10-01,0.046473417444211,1.91666666666667,3.05333333333333,4.96,11.42,28.5066666666667,71150.0252590997,56.1216581996981,0.503974770661709,-0.00878000005953736,-3.57,-1.72,-2,56.1216581996981,"Observed Historical",NA,NA
2021-01-01,0.0472357027309925,1.83666666666667,3.02,5.10333333333333,11.1966666666667,28.5266666666667,72164.111102881,NA,0.808170041057566,0.0175465878489774,-2.06333333333333,-0.459999999999997,-2.05333333333333,57.7677610242708,"Reconstructed",54.3443856774133,61.1911363711282
2021-04-01,0.0358914714594652,1.83333333333333,4.09333333333333,6.15333333333333,11.4,28.6933333333333,73057.2089992413,NA,0.173447202125424,0.0358636210866275,-1.02333333333333,0.00333333333333385,-1.93333333333333,59.9172623866039,"Reconstructed",56.4938870397464,63.3406377334613
2021-07-01,0.0306392758148838,1.64,4.74333333333333,6.58333333333333,11.64,27.6966666666667,73829.3189481806,NA,-0.211010081579913,0.0456729770520197,-0.173333333333332,-0.716666666666669,-1.68333333333333,59.5830946784777,"Reconstructed",56.1597193316203,63.0064700253352
2021-10-01,0.0345540737210311,1.45333333333333,4.97333333333333,7.17666666666667,11.6966666666667,27.3133333333333,74480.440949699,NA,-0.256476591967623,0.0468083557029151,0.276666666666667,-1.19333333333334,-0.463333333333333,59.6874308037797,"Reconstructed",56.2640554569222,63.1108061506372
2022-01-01,0.0478787729213455,1.26,4.63,5.84,11.7666666666667,28.33,75010.5750037964,NA,0.0136140705689349,0.0394443145964532,0.569999999999999,-0.196666666666669,-0.576666666666667,61.6143238336253,"Reconstructed",58.1909484867678,65.0376991804828
2022-04-01,0.0535496989252377,1.34333333333333,4.56333333333333,5.49666666666667,12.0266666666667,27.59,75525.978623917,NA,0.491989510257754,0.0337922794819788,0.626666666666667,-1.10333333333334,-0.49,64.0082433565733,"Reconstructed",60.5848680097158,67.4316187034308
2022-07-01,0.0534434194250288,2.81,6.24666666666667,6.45333333333333,12.1866666666667,27.99,76026.6518100607,NA,0.744278152914674,0.0297623341673024,0.546666666666667,0.293333333333333,1.17,63.1375313216404,"Reconstructed",59.7141559747829,66.5609066684979
2022-10-01,0.0430006366272901,3.85,8.23,7.47,12.7,28.1,76512.5945622278,NA,0.244444778767663,0.0272843928770669,1.00333333333333,0.786666666666669,2.39666666666667,63.0995583290291,"Reconstructed",59.6761829821716,66.5229336758866
2023-01-01,0.0532794389924653,4.39,8.05666666666667,8.15666666666667,13.7533333333333,28.1533333333333,76983.806880418,NA,0.112798756977167,0.0263060492006855,1.98666666666667,-0.176666666666666,3.13,65.224719471951,"Reconstructed",61.8013441250935,68.6480948188084
2023-04-01,0.0583368210939762,4.96666666666667,7.85,8.08,13.99,28.6133333333333,77553.2090555271,NA,0.0893958745766612,0.0268414983631626,1.96333333333333,1.02333333333333,3.62333333333333,67.3653898292172,"Reconstructed",63.9420144823597,70.7887651760746
2023-07-01,0.0797980105253552,5.25333333333333,7.56333333333333,8.14333333333333,14.0966666666667,27.4033333333333,78220.8010875551,NA,0.493130705030899,0.0288602644632581,1.91,-0.586666666666666,2.44333333333333,67.0054031234788,"Reconstructed",63.5820277766213,70.4287784703362
2023-10-01,0.0647224209915427,5.26666666666667,7.88666666666667,9.2,14.2033333333333,27.7333333333333,78986.5829765021,NA,0.505150297018325,0.0323343944670732,1.50333333333333,-0.366666666666667,1.41666666666667,67.4618383697976,"Reconstructed",64.0384630229401,70.8852137166551
2024-01-01,0.0817228313788578,5.80666666666667,10.0166666666667,10.5733333333333,14.86,27.6666666666667,79850.554722368,NA,0.533853075863185,0.0372383226826264,1.10666666666667,-0.486666666666665,1.41666666666667,69.5767597624946,"Reconstructed",66.1533844156371,73.0001351093521
2024-04-01,0.0770751084824202,6.54666666666667,11.6633333333333,12.1666666666667,15.6433333333333,29.09,80498.5335317674,NA,0.321208578682373,0.0379781122162393,1.65333333333333,0.476666666666667,1.58,72.2165700313939,"Reconstructed",68.7931946845364,75.6399453782514
2024-07-01,0.0700562302989562,6.76,13.8933333333333,15.65,16.55,29.6766666666667,80930.5194047003,NA,-0.122080490005495,0.0346419146757665,2.45333333333333,2.27333333333333,1.50666666666667,73.1467492810919,"Reconstructed",69.7233739342344,76.5701246279494
2024-10-01,0.0648860308162486,7.21,10.9233333333333,13.7066666666667,18.1033333333333,30.35,81146.5123411668,NA,0.00252786935654497,0.0273455222807561,3.9,2.61666666666667,1.94333333333333,73.793551616995,"Reconstructed",70.3701762701375,77.2169269638525
