year,month,Savings Rate,Call Rate,Commercial Banks Interest Rate On Time Deposits Maturing In 7 Days,Commercial Banks Interest Rate On Time Deposits Maturing In 1 Month,Commercial Banks Interest Rate On Time Deposits Maturing In 3 Months,Commercial Banks Interest Rate On Time Deposits Maturing In 6 Months,Commercial Banks Interest Rate On Time Deposits Maturing In 12 Months,Commercial Banks Interest Rate On Time Deposits Maturing Over 12 Months,Prime Lending Rate Of Commercial Banks,Maximum Lending Rate Of Commercial Banks
2000,Jan,5.4,,8.47,11.6,13.1,13.4,13.22,14.85,21.3,27.2
2000,Feb,4.9,,8.18,11,12.4,12.7,12.61,14.22,21.2,27
2000,Mar,5,,8.2,11.4,12.7,12.8,12.8,14.5,21.9,27.2
2000,Apr,5.2,,8.18,11.1,12.7,12.8,12.78,14.28,21.5,27
2000,May,5.1,,8.23,11,12.5,12.6,12.66,14.03,20.8,27.1
2000,Jun,5.1,,8.3,10.8,12.2,12.3,12.3,13.9,20.8,27.05
2000,Jul,4.77,,7.89,9.5,10.58,10.53,10.7,12.15,20.99,26.29
2000,Aug,5.1,,8.26,10.2,11.3,11.1,11.5,12.55,21.5,26.2
2000,Sep,5,,6.9,9.85,10.7,10.4,11.9,13.2,21.3,26.3
2000,Oct,4.95,,6.88,9.84,10.66,10.4,11.55,12.96,21.25,26.66
2000,Nov,5,,6.92,10.2,11,10.7,11.44,12.98,21.4,26.7
2000,Dec,4.9,,6.8,9.6,10.5,10.3,11.3,11.2,21.33,26.4
2001,Jan,4.6,,7.2,11.5,13.1,12.8,12.93,12.8,21.3,25.6
2001,Feb,4.6,,7.42,12.5,13.2,13.2,13.72,13.45,21.4,25.5
2001,Mar,4.9,,7.6,10.8,11.7,12,13.1,12.4,21.7,26.8
2001,Apr,4.8,,7.95,11.3,12.3,12.6,13.74,12.97,22.2,27.3
2001,May,4.7,,8.18,11.7,12.8,12.9,13.82,13.74,22.6,28.4
2001,Jun,5.2,,11.3,17.5,16.5,19.3,13.9,13.8,23.5,28.4
2001,Jul,5.1,,7.86,13,13.7,13.3,16.24,15.05,23.6,28.1
2001,Aug,5,,9.27,18,19.6,18.6,18.96,17.74,23.7,29
2001,Sep,5,,11.7,16.7,18.5,17,20,18.5,23.9,29.3
2001,Oct,5,,11.83,17.96,20.3,19.46,19.55,19.28,25.09,31.07
2001,Nov,5,,11.45,17.72,19.4,20.6,21.2,20.85,24.66,30.82
2001,Dec,5,,12,16.14,17.92,18.13,18.4,16.4,25.98,31.15
2002,Jan,3.38,8.36,11.98,16.14,17.92,18.13,18.4,16.36,25.98,31.15
2002,Feb,3.38,8.36,11.98,16.14,17.92,18.13,18.4,16.36,25.98,31.15
2002,Mar,8.51,10,12.91,18.09,20.02,23.21,21.54,21.31,24.49,30.73
2002,Apr,4.05,7.54,11.05,15.56,16.9,18.13,17.38,16.16,25.4,30.32
2002,May,3.16,7.53,10.72,14.67,16.42,16.92,16.83,15.32,25.58,30.61
2002,Jun,3.69,7.12,10.74,15.5,16.97,16.52,16.28,14.93,25.26,30.62
2002,Jul,3.58,7.46,10.26,15.11,16.28,17.06,16.39,14.49,26.38,32.27
2002,Aug,4.05,6.96,10.17,14.52,15.4,16.1,15.44,15.85,26.21,31.78
2002,Sep,4.39,6.46,9.65,14.51,14.93,14.65,15.07,14.7,26.16,31.77
2002,Oct,4.03,5.81,8.84,12.88,13.68,14.1,12.86,12.91,25.11,29.57
2002,Nov,3.78,6.99,8.92,14.34,15.44,16.55,15.62,15.83,21.06,26.62
2002,Dec,3.74,6.04,8.8,13.2,13.8,14.42,13.73,12.61,20.59,25.65
2003,Jan,3.56,6.55,9.25,14.01,15.58,15.77,17.71,14.16,21.93,25
2003,Feb,4.26,5.71,7.98,12.47,13.3,13.85,13.88,12.58,21.63,24.64
2003,Mar,5.03,5.56,7.2,11.51,12.44,10.49,9.79,8.81,21.16,22.94
2003,Apr,5.28,6.16,8.49,13,14.12,12.55,12.22,11.13,21.1,22.89
2003,May,4.62,6.49,9.34,14,15.21,13.32,13.26,12.69,21.14,23
2003,Jun,3.6,5.44,7.81,11.99,12.73,10.93,11.02,9.88,21.15,22.93
2003,Jul,3.58,5.89,8.21,12.28,13.16,11.55,11.54,10.15,20.94,22.94
2003,Aug,4.41,7.17,9.43,14.58,15.93,14.54,13.98,13.38,20.27,22.33
2003,Sep,4.81,7.1,9.36,14.29,15.49,13.78,13.64,13.63,20.04,22.39
2003,Oct,3.63,6.44,8.44,13.37,14.21,12.81,12.51,11.54,20,22.18
2003,Nov,3.38,6.65,9.18,13.97,14.77,13.5,13.38,12.38,19.63,21.71
2003,Dec,3.16,6.68,8.79,13.72,14.79,13.75,13.52,12.26,19.58,21.61
2004,Jan,3.52,7.73,9.48,15.25,16.75,16.14,15.63,13.42,19.49,21.57
2004,Feb,4.15,7.67,9.57,15.52,16.56,15.79,16.96,15.4,19.57,21.41
2004,Mar,5.7,5.54,8.07,12.56,13.3,11.69,13.12,12.32,19.47,21.13
2004,Apr,3.13,5.89,8.21,12.87,13.45,12.14,13.02,12.65,19.46,21.19
2004,May,3.52,5.98,8.25,12.95,13.6,12,13.38,12.64,19.4,21.06
2004,Jun,3.32,4.96,7.52,11.66,12.16,10.34,11.72,11.05,19.21,20.68
2004,Jul,4.69,6.1,7.31,11.56,12.67,11.48,11.77,12.69,19.04,20.62
2004,Aug,4.63,4.7,7.34,12.16,13.42,12.25,12.87,10.64,18.81,20.44
2004,Sep,4.37,5.2,7.21,12.34,13.39,12.11,12.88,11.83,19,20.24
2004,Oct,4.41,5.75,7.2,12.09,13.11,12.06,12.88,11.21,18.93,20.55
2004,Nov,4.42,5.62,7.06,12.11,13.09,11.98,12.91,11.97,18.89,20.5
2004,Dec,4.37,5.25,6.96,11.76,12.8,11.65,12.71,10.67,18.91,20.42
2005,Jan,4.41,5.39,6.77,11.67,12.61,12.3,12.6,11.26,18.86,20.52
2005,Feb,4.36,3.12,6.43,11.56,12.44,12.18,13.57,8.6,18.43,20.1
2005,Mar,4.22,5.31,6.3,11.43,12.27,12.05,13.22,11.8,18.2,20.04
2005,Apr,4.01,3.45,6.26,11.35,12.22,11.94,12.88,8.75,18.19,19.57
2005,May,4.07,4.44,5.49,11.12,11.39,10.53,10.31,10.33,18.1,19.38
2005,Jun,4.03,3.21,5.14,9.89,10.52,10.74,11.02,8.03,17.8,19.17
2005,Jul,3.75,3.01,4.76,9.33,9.77,9.92,10.49,8.8,17.78,19.29
2005,Aug,3.64,2.68,4.52,9.11,9.5,9.69,10.33,8.67,17.53,18.86
2005,Sep,3.44,2.62,4.46,8.72,9.04,9.24,9.47,8.18,17.6,19.11
2005,Oct,3.32,2.12,4.28,8.08,8.55,8.64,8.56,6.49,17.54,19.14
2005,Nov,3.35,2.35,4.54,8.63,8.98,8.56,8.61,7.17,17.57,19.18
2005,Dec,3.32,1.93,4.56,9.14,9.1,8.72,8.77,6.13,17.78,19.54
2006,Jan,4.5,1.15,3.68,7.88,8.68,8.55,8.64,10.7,16.69,18.23
2006,Feb,2.96,3.19,4.76,9.13,9.47,8.95,8.36,6.78,16.57,18.14
2006,Mar,2.98,3.25,4.78,9.37,9.62,8.61,9.17,8.56,16.3,17.89
2006,Apr,2.98,2.59,4.67,9.35,9.5,8.78,8.93,7,16.25,18.03
2006,May,2.95,3.88,5.01,9.4,9.86,9.16,9.09,7.92,16.97,18.36
2006,Jun,2.96,4.15,4.96,9.49,9.95,9.43,8.19,7.81,17.08,18.61
2006,Jul,2.96,4.15,4.96,9.49,9.95,9.43,8.19,7.81,17.08,18.61
2006,Aug,2.91,3.59,4.48,9,9.68,9.57,8.21,8.23,16.81,18.39
2006,Sep,2.93,3.53,3.71,8.98,9.57,9.31,7.78,8.16,17.19,18.52
2006,Oct,3.08,4.06,5.03,10.01,10.23,10.15,8.08,8.81,17.19,18.71
2006,Nov,3.1,4.07,5.08,10.05,10.26,10.12,8.15,8.85,17.26,18.72
2006,Dec,3.25,4.17,5.21,9.99,10.25,9.93,7.45,8.53,17.33,18.66
2007,Jan,3.36,4.29,5.42,10.31,10.38,9.9,9.15,8.53,17.64,18.7
2007,Feb,3.19,4.01,5.22,9.97,10.01,9.63,7.8,8.5,17.63,18.64
2007,Mar,4.3,4.19,5.55,10.48,10.46,10,8.3,9.31,17.18,18.92
2007,Apr,3.84,3.93,5.56,10.53,10.61,10.07,8.28,9.81,18.05,18.58
2007,May,3.82,4.14,5.46,10.35,10.27,9.8,8.04,9.69,16.94,17.17
2007,Jun,3.78,3.6,5.74,10.25,10.24,10,8.02,10.06,16.92,18.74
2007,Jul,3.77,3.56,5.69,10.46,10.4,9.78,8.06,9.85,16.57,18.36
2007,Aug,3.71,3.42,5.69,10.61,10.58,9.73,8.2,9.78,16.42,18.27
2007,Sep,3.05,3.87,6.12,10.43,10.37,9.49,8.12,9.45,16.46,18.27
2007,Oct,3.39,4.31,5.27,9.77,9.97,9.51,7.68,9.81,16.5,18.21
2007,Nov,3.15,3.92,5.53,9.9,9.88,9.43,7.65,9.39,16.5,18.29
2007,Dec,3.19,4.03,5.82,10.18,10.29,9.53,7.92,9.67,16.46,18.21
2008,Jan,2.88,4.01,5.67,10.86,11.14,10.52,10.61,10.46,15.52,18.26
2008,Feb,2.83,3.87,5.46,10.77,11.06,10.47,10.59,10.6,15.58,18.16
2008,Mar,2.94,3.78,6.46,10.61,10.4,9.72,10.01,9.69,15.23,17.58
2008,Apr,2.97,3.78,4.62,11,11.76,11.15,11.18,11.91,15.39,18.25
2008,May,2.76,3.99,4.88,10.92,11.57,11.27,11.6,11.64,15.02,17.98
2008,Jun,2.79,4.02,5.98,11.26,11.96,11.76,11.95,12.11,15.17,18.03
2008,Jul,2.82,4.07,5.85,11.2,11.9,11.78,12.22,12.17,15.22,18.07
2008,Aug,2.79,4.05,5.89,11.16,11.82,11.58,11.91,12.07,15.08,18.02
2008,Sep,2.75,4.47,5.92,12.13,12.81,13.06,12.95,13.26,14.77,19.24
2008,Oct,2.79,4.23,6.32,12.42,12.94,13.15,13.08,13.06,14.81,19.19
2008,Nov,2.78,4.43,6.79,12.33,12.79,12.98,12.84,12.83,14.58,20.45
2008,Dec,2.92,4.63,6.64,11.65,12.26,12.45,12.41,12.51,15.26,21.15
2009,Jan,2.59,4.53,5.82,12.89,12.71,13.09,12.38,13.37,16.78,21.27
2009,Feb,2.59,5.51,7.32,13.78,13.75,15.84,16.47,12.78,18.9,23.52
2009,Mar,2.62,5.36,5.9,12.92,12.84,12.57,11.44,13.02,19.19,22.62
2009,Apr,2.58,5.51,5.53,15.01,14.65,11.26,14.91,13.27,19.28,23.12
2009,May,2.6,4.7,6.6,11.68,11.66,12.11,11.63,12.94,18.75,22.01
2009,Jun,2.67,4.55,6.71,11.69,12.63,13.12,12.67,13.24,19.08,22.67
2009,Jul,2.4,4.47,7.06,14.81,12.86,13.32,13.23,13.79,19.34,22.8
2009,Aug,2.79,4.59,7.12,13.07,12.58,13.76,13.78,13.67,19.39,23.18
2009,Sep,2.36,6.04,6.08,11.12,12.17,12.42,13.25,4.98,18.91,22.81
2009,Oct,2.23,5.86,6.86,13.04,13.19,13.7,13.34,13.06,19.06,20.5
2009,Nov,3.35,4.95,5.45,12.42,13.31,11.81,8.91,13.29,19.66,23.2
2009,Dec,3.33,4.8,5.77,12.73,13.15,13.34,12.17,14.13,19.55,23.77
2010,Jan,3.34,4.1,4.94,11.82,12.41,12.98,11.85,10.25,18.82,22.76
2010,Feb,3.31,3.38,4.39,10.97,10.89,10.99,7.8,8.79,18.74,23.33
2010,Mar,3.03,2.66,2.91,7.36,8.6,7.59,5.55,6.59,19.03,23.62
2010,Apr,2.94,3,2.67,6.37,7.33,6.55,6.79,12.5,19.05,23.47
2010,May,2.92,1.81,2.21,5.86,6.22,5.31,6.31,12.02,18.77,22.56
2010,Jun,1.95,1.63,2.64,4.51,4.98,4.85,4.9,4.23,17.65,22.03
2010,Jul,1.62,0.89,1.27,3.68,4.5,5.74,4.93,7.16,17.4,22.27
2010,Aug,1.41,1.37,1.38,3.49,4.13,5.27,4.93,5.73,16.89,22.31
2010,Sep,1.49,3.34,1.8,3.58,5.16,4.4,3.68,2.17,16.66,22.2
2010,Oct,1.48,4.44,1.86,3.6,4.32,4,3.97,5.85,16.16,21.85
2010,Nov,1.48,3.94,1.72,3.69,5.08,4.16,3.8,5.53,16.11,21.84
2010,Dec,1.51,1.82,1.77,3.66,4.63,3.5,3.53,5.49,15.74,21.86
2011,Jan,1.48,1.48,1.85,3.86,5.02,3.98,4.39,5.94,15.77,22.1
2011,Feb,1.51,1.41,1.51,3.83,4.6,4.33,3.73,5.06,15.75,21.88
2011,Mar,1.34,4.74,2.07,4.21,5.38,4.46,4.25,5.15,15.81,22.02
2011,Apr,1.41,5.01,1.98,4.43,5.53,4.49,3.87,6.85,15.75,22.19
2011,May,1.39,5.13,2.3,4.39,5.43,4.95,4.12,7.3,15.81,22.11
2011,Jun,1.33,6.5,2.15,4.52,5.14,5.26,4.68,7.39,15.76,22.02
2011,Jul,1.42,2.55,2.09,4.8,5.21,4.58,4.39,7.32,15.84,22.42
2011,Aug,1.42,2.93,2.14,4.67,5.43,4.7,4.48,4.34,15.82,22.27
2011,Sep,1.42,1.73,2.22,4.71,5.49,4.79,4.47,7.36,15.87,22.09
2011,Oct,1.4,4.82,3.47,6.31,7.06,5.66,4.9,5.95,16.49,23.32
2011,Nov,1.43,3.74,3.48,6.52,7.22,5.98,6.06,6.85,16.82,23.35
2011,Dec,1.37,5,3.52,6.58,6.8,5.63,7.12,6.13,16.75,23.21
2012,Jan,1.42,,3.45,6.48,7.71,6.58,6.61,6.96,16.92,23.08
2012,Feb,1.49,,4.08,7.01,7.96,6.82,6.64,8.25,17.11,23.13
2012,Mar,1.67,,4.3,7.45,8.15,7.34,7.99,7.11,17.27,23.22
2012,Apr,1.81,,4.46,7.13,8.15,7.39,7.15,6.68,16.9,23.31
2012,May,1.78,,4.45,7.38,8.58,6.79,7.01,7.56,16.98,23.44
2012,Jun,1.76,,4.47,7.46,7.8,8.08,7.51,6.22,16.93,23.44
2012,Jul,1.79,,4.61,7.24,8.57,7.54,6.62,7.85,16.96,23.45
2012,Aug,1.78,,4.91,8.18,8.34,8.07,6.85,8.02,16.53,23.76
2012,Sep,1.79,,4.84,8.09,8.79,8.23,6.77,8.04,16.37,24.67
2012,Oct,1.76,,4.96,7.95,8.72,8.11,6.21,7.74,16.48,24.65
2012,Nov,1.65,,5.25,8.4,8.94,8.39,6.17,7.11,16.51,24.7
2012,Dec,1.66,,5.16,8.15,9.15,10.87,10.63,9.95,16.54,24.61
2013,Jan,1.69,,5.14,8.43,8.87,8.56,6.09,8.87,16.57,24.54
2013,Feb,1.72,,4.92,8.09,8.3,7.76,5.67,6.53,16.56,24.6
2013,Mar,1.77,,5.08,7.95,7.99,7.43,6.09,7.38,16.61,22.31
2013,Apr,1.82,,4.89,7.82,7.94,7.15,6.49,6.71,16.65,24.53
2013,May,2.25,,4.78,7.76,7.74,7.17,5.26,6.57,16.66,24.57
2013,Jun,2.04,,4.45,7.58,7.49,7.07,5.32,6.19,16.56,24.58
2013,Jul,2.42,,4.49,7.82,7.8,7.34,5.8,7.75,16.47,24.62
2013,Aug,2.45,,5.21,7.62,8.04,7.37,4.88,7.18,16.55,24.46
2013,Sep,2.43,,4.61,7.61,7.41,6.9,4.58,5.26,16.76,25.11
2013,Oct,2.39,,4.47,7.72,7.54,7.32,4.71,4.28,17.1,24.9
2013,Nov,2.53,,5.29,8.06,8.26,8.12,6.51,7.04,17.17,25
2013,Dec,2.53,,5.14,7.78,7.96,7.44,5.02,6.81,17.01,24.9
2014,Jan,3.27,,4.83,8.21,9.29,9.4,9.04,9.8,16.95,25.52
2014,Feb,3.26,,4.49,8.41,9.48,9.6,9.3,9.68,16.93,25.83
2014,Mar,3.38,,4.88,8.3,9.47,10.14,9.3,10.28,16.69,25.8
2014,Apr,3.42,,4.89,8.19,9.38,10.07,9.69,9.91,16.7,25.63
2014,May,3.41,,4.91,8.27,9.42,9.76,9.29,10.28,16.5,25.76
2014,Jun,3.42,,4.95,8.46,9.3,9.52,9.19,10,16.5,26.07
2014,Jul,3.41,,4.41,8.4,9.35,9.47,9.11,10.07,16.44,26.07
2014,Aug,3.24,,4.34,8.09,8.54,8.7,7.47,8.93,16.6,25.07
2014,Sep,3.43,,4.54,8.41,9.31,9.48,9.31,9.72,16.44,25.77
2014,Oct,3.43,,4.43,8.52,9.33,9.5,9.23,9.88,16.48,25.75
2014,Nov,3.43,,4.38,8.56,9.7,9.79,9.46,9.96,16.47,25.74
2014,Dec,3.46,,4.45,8.58,9.48,9.77,9.51,10.14,15.88,25.91
2015,Jan,3.48,,4.37,8.61,9.64,9.74,9.51,10.1,16.86,25.97
2015,Feb,3.47,,4.5,8.47,9.54,9.46,9.37,10.29,16.77,26.33
2015,Mar,3.76,,4.51,8.42,9.02,9.88,9.52,8.7,16.9,26.61
2015,Apr,3.6,,4.17,8.74,8.65,8.26,6.48,7.09,15.95,26.41
2015,May,3.6,,4,8.79,8.93,8.56,7.18,6.76,16.08,26.43
2015,Jun,3.6,,4.11,9.02,10.27,10.81,10.83,9.79,17.24,26.84
2015,Jul,3.63,,4.09,8.93,10.26,10.79,11.43,9.43,17.3,27.03
2015,Aug,3.63,,4.16,8.92,10.32,10.85,11.21,9.95,17.29,27.01
2015,Sep,3.72,,4.24,9.08,10.61,10.89,11.21,9.87,17.02,26.99
2015,Oct,3.71,,3.72,8.5,9.14,9.11,7.72,8.13,16.84,27.01
2015,Nov,3.47,,2.8,6.94,6.49,5.66,4.8,4.51,16.98,27.02
2015,Dec,3.33,,3.36,7.11,6.91,5.78,4.88,4.55,16.96,26.84
2016,Jan,3.29,,3.29,6.87,6.74,5.98,5.12,4.57,16.54,26.77
2016,Feb,3.29,,2.68,6.92,6.79,5.91,5.22,4.62,16.72,26.73
2016,Mar,3.26,,2.53,7.01,6.9,5.97,5.29,4.61,16.82,26.93
2016,Apr,3.54,,2.53,6.32,6.83,5.63,5.27,4.53,16.77,26.88
2016,May,3.57,,3.13,6.53,6.96,6.37,5.38,4.75,16.13,26.73
2016,Jun,3.61,,2.58,6.62,6.92,6.59,5.17,5.32,16.78,26.93
2016,Jul,3.89,,3.05,7.29,7.44,7.8,5.09,5.51,17.14,27.06
2016,Aug,3.93,,3.36,7.61,8,8.36,5.22,5.25,17.18,27.21
2016,Sep,4.05,,3.46,7.5,7.68,7.47,5.75,5.05,17.09,27.49
2016,Oct,4.08,,3.81,8.26,8.25,8.27,6.25,5.66,17.1,27.69
2016,Nov,4.28,,4.07,8.48,8.63,9.63,10.14,7.75,17.06,28.53
2016,Dec,4.18,,4.14,8.53,8.8,10.23,10.76,7.9,17.09,28.55
2017,Jan,4.22,,4.29,8.58,8.88,10.31,10.77,8.22,16.91,28.88
2017,Feb,4.22,,4.4,8.24,9.13,10.4,10.37,8.51,17.13,29.26
2017,Mar,4.23,,4.51,8.58,9.11,10.56,10.57,7.87,17.43,30.18
2017,Apr,4.24,,4.04,8.87,9.46,10.64,10.38,8.48,17.44,30.31
2017,May,4.08,,4.32,8.73,9.41,10.57,11.33,7.53,17.58,30.75
2017,Jun,4.08,,4.27,8.65,9.01,10.68,11.15,8.58,17.59,30.94
2017,Jul,4.08,,4.23,8.85,9.71,11.24,10.27,7.5,17.65,30.94
2017,Aug,4.08,,4.37,8.86,10.14,11.51,11.4,7.44,17.69,31.2
2017,Sep,4.08,,4.36,9.11,10.26,11.46,11.7,7.24,17.88,31.39
2017,Oct,4.08,,4.54,9.15,10.09,11.5,10.8,7.67,17.86,31.39
2017,Nov,4.08,,4.52,9.12,9.84,11.05,10.71,6.95,17.77,30.95
2017,Dec,4.08,,4.58,9.09,9.61,11.14,10.93,7.41,17.71,30.99
2018,Jan,4.07,,4.25,9.09,10.63,11.72,11.24,8.43,17.5,31.39
2018,Feb,4.07,,4.11,8.9,10.05,11.3,10.67,8.37,17.53,31.4
2018,Mar,4.07,,3.68,8.82,9.72,10.93,10.21,8.49,17.35,31.55
2018,Apr,4.07,,3.75,8.78,9.89,10.71,10.03,9.29,17.24,31.56
2018,May,4.07,,3.75,8.9,9.97,10.62,9.96,8.95,17.08,31.29
2018,Jun,4.07,,3.79,8.88,9.38,10.15,10.05,8.96,16.78,31.17
2018,Jul,4.07,,3.84,9.61,9.45,10.02,10.26,8.91,16.83,31.09
2018,Aug,4.07,,3.58,8.77,9.51,9.84,9.95,8.93,16.65,30.93
2018,Sep,4.07,,3.61,8.79,9.44,9.76,10.08,8.92,16.59,30.77
2018,Oct,4.07,,3.67,8.71,9.47,10.15,10.46,9,16.53,30.67
2018,Nov,4.07,,3.9,8.84,9.41,10.11,10.43,8.95,16.64,30.8
2018,Dec,4.07,,3.88,9,9.5,10.49,10.33,8.95,16.17,30.52
2019,Jan,4.07,,3.57,9,9.69,10.65,10.66,9.93,16.01,30.48
2019,Feb,4.07,,3.6,9.05,9.68,10.34,10.74,10.17,16.08,30.56
2019,Mar,3.97,,3.83,9.15,9.48,10.09,10.23,9.59,14.92,30.83
2019,Apr,3.91,,3.7,8.63,9.15,10.36,10.7,9.71,18.23,30.89
2019,May,3.91,,3.55,8.83,9.12,10.32,10.42,9.79,15.33,31.07
2019,Jun,3.93,,3.34,8.81,9.1,10.84,10.57,9.81,15.8,31.04
2019,Jul,3.93,,3.25,8.16,8.85,10.37,10.18,9.53,15.46,31.07
2019,Aug,3.93,,3.18,8.3,8.93,10.19,9.82,9.48,15.4,31.04
2019,Sep,3.93,,3.2,8.22,8.96,10.31,9.97,9.48,15.15,31.43
2019,Oct,3.93,,3.28,8.06,8.7,9.95,9.73,8.87,15.07,30.56
2019,Nov,3.93,,3.31,7.8,8.59,9.88,9.73,8.92,14.91,29.4
2019,Dec,3.89,,2.96,5.57,6.55,7.48,9.03,10.76,14.99,30.72
2020,Jan,3.89,,2.74,5.01,5.85,7.07,8.01,8.74,13.65,29.38
2020,Feb,3.89,,2.64,5.09,6.17,7.08,8.02,8.82,13.43,28.74
2020,Mar,3.89,,2.67,5.04,6.15,6.84,8.61,8.66,12.7,28.84
2020,Apr,3.69,,2.77,4.97,5.99,6.28,7.68,8.65,12.58,28.65
2020,May,3.83,,2.88,4.9,5.67,5.91,7.63,8.75,12.47,28.76
2020,Jun,3.78,,1.76,3.33,4.7,4.98,7.12,8.87,12.22,28.66
2020,Jul,3.78,,1.48,3.02,4.31,4.83,5.89,8.63,12.1,28.42
2020,Aug,3.78,,1.45,2.97,4.05,4.41,4.89,8.62,11.79,28.37
2020,Sep,2.41,,1.21,2.49,3.7,3.74,5.37,8.41,11.55,28.45
2020,Oct,1.87,,0.96,2.24,3.52,2.72,4.99,8.76,11.31,28.36
2020,Nov,1.84,,0.98,1.92,2.9,2.84,4.89,8.77,11.6,28.85
2020,Dec,2.04,,0.79,1.64,2.74,2.65,5,8.37,11.35,28.31
2021,Jan,1.86,,0.78,1.64,2.88,2.74,5.01,8.95,11.25,28.3
2021,Feb,1.79,,0.88,1.82,3.13,3.22,5.36,8.83,11.21,28.54
2021,Mar,1.86,,0.84,2.06,3.05,2.8,4.94,8.7,11.13,28.74
2021,Apr,1.86,,1.26,2.33,3.32,3.5,5.78,8.42,11.24,28.64
2021,May,1.83,,1.81,2.84,4,4.47,6.14,8.84,11.29,28.39
2021,Jun,1.81,,1.84,3.36,4.96,5.14,6.54,7.94,11.67,29.05
2021,Jul,1.82,,1.9,3.27,4.78,4.83,6.3,8.81,11.57,27.99
2021,Aug,1.82,,1.7,3.6,4.8,5.3,6.73,5.67,11.62,28
2021,Sep,1.28,,2.11,3.71,4.65,5.83,6.72,5.62,11.73,27.1
2021,Oct,1.28,,1.92,3.8,5.02,5.61,7.4,5.56,11.61,27.1
2021,Nov,1.83,,1.69,3.72,4.96,5.36,7.34,5.61,11.8,27.26
2021,Dec,1.25,,1.74,3.73,4.94,4.82,6.79,7.71,11.68,27.58
2022,Jan,1.25,,1.76,3.79,5,4.67,5.86,5.1,11.68,27.65
2022,Feb,1.25,,1.5,3.46,4.48,4.56,5.84,5.15,11.78,30.73
2022,Mar,1.28,,1.39,3.33,4.41,4.53,5.82,5.17,11.84,26.61
2022,Apr,1.28,,1.64,2.96,4.44,4.98,5.46,5.15,11.83,27.79
2022,May,1.37,,2.14,3.57,4.7,5.68,5.73,4.98,11.96,27.37
2022,Jun,1.38,,2.08,3.48,4.55,4.97,5.3,4.27,12.29,27.61
2022,Jul,1.42,,1.91,3.64,4.96,5.87,5.76,4.85,12.1,27.61
2022,Aug,2.93,,5.03,5.58,6.79,7.8,7.07,4.81,12.23,28.3
2022,Sep,4.08,,5.06,6.32,6.99,7.4,6.53,4.15,12.23,28.06
2022,Oct,3.77,,5.77,7.04,8.01,7.43,7.07,4.32,12.23,28.06
2022,Nov,3.93,,5.77,7.38,8.45,8.98,7.87,4.58,13.17,28.14
2022,Dec,,,,,,,,,,
2023,Jan,4.29,,5.94,8.18,8.76,7.35,7.79,4.54,13.67,27.63
2023,Feb,4.3,,5.45,7.56,7.78,8.91,8.84,4.68,13.62,28.75
2023,Mar,4.58,,5.1,7.12,7.63,9.35,7.84,4.31,13.97,28.08
2023,Apr,4.59,,5.67,7.32,7.92,9.84,8.18,4.14,14.05,28.59
2023,May,5.13,,5.93,7.29,7.95,9.84,8.23,4.32,14.07,28.31
2023,Jun,5.18,,4.86,7.15,7.68,8.54,7.83,4.5,13.85,28.94
2023,Jul,5.24,,5.29,7.11,7.62,8.25,7.81,4.37,13.98,27.38
2023,Aug,5.26,,4.83,7.31,7.55,8.3,8.13,4.39,13.99,27.59
2023,Sep,5.26,,5.44,7.22,7.52,8.44,8.49,3.71,14.32,27.24
2023,Oct,5.26,,6.22,7.13,8.57,8.93,8.79,4.55,14.39,28.97
2023,Nov,5.26,,5.4,6.92,7.53,9.95,9.06,7.71,14.05,27.61
2023,Dec,5.28,,5.97,7.24,7.56,8.42,9.75,4.29,14.17,26.62
2024,Jan,5.28,,5.14,7.49,9.26,8.29,9.93,4.38,13.82,27.07
2024,Feb,5.86,,6.06,8.69,9.89,9.61,10.75,9.54,15.06,26.55
2024,Mar,6.28,,6.67,9.9,10.9,10.54,11.04,10.06,15.7,29.38
2024,Apr,6.29,,6.64,10.68,11.65,11.74,11.23,9.63,15.54,29.49
2024,May,6.68,,8.46,11.34,11.29,13.03,12.19,9.63,15.54,28.67
2024,Jun,6.67,,8.15,11.75,12.05,15.09,13.08,9.65,15.85,29.11
2024,Jul,6.74,,4.89,9.92,15.2,16.36,16.93,11.17,15.89,28.89
2024,Aug,6.75,,6.01,10.51,14.4,16.59,16.24,11.39,17.01,29.93
2024,Sep,6.79,,7.8,11.25,12.08,13.93,13.78,11.12,16.75,30.21
2024,Oct,7.56,,7.22,10.06,11.65,13.26,13.57,10.89,17.36,30.28
2024,Nov,6.56,,5.47,8.48,9.53,12.13,14.22,13.02,18.39,31.06
2024,Dec,7.51,,6.93,10.4,11.59,13.18,13.33,11.16,18.56,29.71
2025,Jan,7.5,,7.42,10.31,11.99,14.44,14,12.1,18.49,29.79
2025,Feb,7.51,,7.19,10.1,11.54,13.59,9.73,11.93,18.35,30.5
2025,Mar,7.5,,7.98,10.34,11.19,14.3,11.39,11.72,17.96,30.19
2025,Apr,7.5,,7.71,10.2,11.4,13.82,11.31,11.79,18.32,30.11
2025,May,7.53,,7.62,10.42,10.18,10.81,10.51,11.95,18.01,29.84
2025,Jun,7.52,,6.95,10.02,10.77,9.03,11.55,11.63,18.19,29.51
2025,Jul,7.38,,11.66,9.84,10.86,11.71,11.34,11.39,18.54,29.31
2025,Aug,7.38,,11.78,9.45,11.06,11.68,10.36,11.42,18.88,29.13
2025,Sep,7.32,,10.83,10.1,12.29,11.59,11,11.28,18.9,29.84
2025,Oct,7.43,,7.33,11.37,11.32,11.12,11.78,11.15,18.89,29.56
2025,Nov,7.43,,7.65,11.59,10.82,11.61,11.79,11.7,18.89,29.69
2025,Dec,7.42,,6.26,10.35,11.82,10.92,11.34,11.11,18.02,29.32
2026,Jan,7.29,,7.71,11.64,12.01,11.4,12.05,10.94,19.54,32.68
2026,Feb,7.36,,2.87,10.44,11.77,11.18,12.38,10.81,19.29,35.17
2026,Mar,7.17,,7.74,11.43,11.36,10.54,10.92,10.78,19.29,35.17
2026,Apr,7.34,,10.55,12.47,9.17,10.61,10.44,8.13,18.87,35.17
