"ref_area.label","source.label","indicator.label","sex.label","classif1.label","time","obs_value","obs_status.label"
"United Kingdom of Great Britain and Northern Ireland","ILO - Modelled Estimates","Unemployment rate by sex and age -- ILO modelled estimates, Nov. 2025 (%)","Total","Age (Youth, adults): 15+","2026",4.909,
"United Kingdom of Great Britain and Northern Ireland","ILO - Modelled Estimates","Unemployment rate by sex and age -- ILO modelled estimates, Nov. 2025 (%)","Total","Age (Youth, adults): 15+","2025",4.746,
"United Kingdom of Great Britain and Northern Ireland","ILO - Modelled Estimates","Unemployment rate by sex and age -- ILO modelled estimates, Nov. 2025 (%)","Total","Age (Youth, adults): 15+","2024",4.361,"Real value"
"United Kingdom of Great Britain and Northern Ireland","ILO - Modelled Estimates","Unemployment rate by sex and age -- ILO modelled estimates, Nov. 2025 (%)","Total","Age (Youth, adults): 15+","2023",4.025,"Real value"
"United Kingdom of Great Britain and Northern Ireland","ILO - Modelled Estimates","Unemployment rate by sex and age -- ILO modelled estimates, Nov. 2025 (%)","Total","Age (Youth, adults): 15+","2022",3.768,"Real value"
"United Kingdom of Great Britain and Northern Ireland","ILO - Modelled Estimates","Unemployment rate by sex and age -- ILO modelled estimates, Nov. 2025 (%)","Total","Age (Youth, adults): 15+","2021",4.864,"Real value"
"United Kingdom of Great Britain and Northern Ireland","ILO - Modelled Estimates","Unemployment rate by sex and age -- ILO modelled estimates, Nov. 2025 (%)","Total","Age (Youth, adults): 15+","2020",4.472,"Real value"
"United Kingdom of Great Britain and Northern Ireland","ILO - Modelled Estimates","Unemployment rate by sex and age -- ILO modelled estimates, Nov. 2025 (%)","Total","Age (Youth, adults): 15+","2019",3.657,"Real value"
"United Kingdom of Great Britain and Northern Ireland","ILO - Modelled Estimates","Unemployment rate by sex and age -- ILO modelled estimates, Nov. 2025 (%)","Total","Age (Youth, adults): 15+","2018",4.145,"Real value"
"United Kingdom of Great Britain and Northern Ireland","ILO - Modelled Estimates","Unemployment rate by sex and age -- ILO modelled estimates, Nov. 2025 (%)","Total","Age (Youth, adults): 15+","2017",4.501,"Real value"
"United Kingdom of Great Britain and Northern Ireland","ILO - Modelled Estimates","Unemployment rate by sex and age -- ILO modelled estimates, Nov. 2025 (%)","Total","Age (Youth, adults): 15+","2016",4.909,"Real value"
"United Kingdom of Great Britain and Northern Ireland","ILO - Modelled Estimates","Unemployment rate by sex and age -- ILO modelled estimates, Nov. 2025 (%)","Total","Age (Youth, adults): 15+","2015",5.552,"Real value"
"United Kingdom of Great Britain and Northern Ireland","ILO - Modelled Estimates","Unemployment rate by sex and age -- ILO modelled estimates, Nov. 2025 (%)","Total","Age (Youth, adults): 15+","2014",6.398,"Real value"
"United Kingdom of Great Britain and Northern Ireland","ILO - Modelled Estimates","Unemployment rate by sex and age -- ILO modelled estimates, Nov. 2025 (%)","Total","Age (Youth, adults): 15+","2013",7.752,"Real value"
"United Kingdom of Great Britain and Northern Ireland","ILO - Modelled Estimates","Unemployment rate by sex and age -- ILO modelled estimates, Nov. 2025 (%)","Total","Age (Youth, adults): 15+","2012",8.279,"Real value"
"United Kingdom of Great Britain and Northern Ireland","ILO - Modelled Estimates","Unemployment rate by sex and age -- ILO modelled estimates, Nov. 2025 (%)","Total","Age (Youth, adults): 15+","2011",8.195,"Real value"
"United Kingdom of Great Britain and Northern Ireland","ILO - Modelled Estimates","Unemployment rate by sex and age -- ILO modelled estimates, Nov. 2025 (%)","Total","Age (Youth, adults): 15+","2010",7.973,"Real value"
"United Kingdom of Great Britain and Northern Ireland","ILO - Modelled Estimates","Unemployment rate by sex and age -- ILO modelled estimates, Nov. 2025 (%)","Total","Age (Youth, adults): 15+","2009",7.683,"Real value"
"United Kingdom of Great Britain and Northern Ireland","ILO - Modelled Estimates","Unemployment rate by sex and age -- ILO modelled estimates, Nov. 2025 (%)","Total","Age (Youth, adults): 15+","2008",5.748,"Real value"
"United Kingdom of Great Britain and Northern Ireland","ILO - Modelled Estimates","Unemployment rate by sex and age -- ILO modelled estimates, Nov. 2025 (%)","Total","Age (Youth, adults): 15+","2007",5.399,"Real value"
"United Kingdom of Great Britain and Northern Ireland","ILO - Modelled Estimates","Unemployment rate by sex and age -- ILO modelled estimates, Nov. 2025 (%)","Total","Age (Youth, adults): 15+","2006",5.472,"Real value"
"United Kingdom of Great Britain and Northern Ireland","ILO - Modelled Estimates","Unemployment rate by sex and age -- ILO modelled estimates, Nov. 2025 (%)","Total","Age (Youth, adults): 15+","2005",4.884,"Real value"
"United Kingdom of Great Britain and Northern Ireland","ILO - Modelled Estimates","Unemployment rate by sex and age -- ILO modelled estimates, Nov. 2025 (%)","Total","Age (Youth, adults): 15+","2004",4.594,"Real value"
"United Kingdom of Great Britain and Northern Ireland","ILO - Modelled Estimates","Unemployment rate by sex and age -- ILO modelled estimates, Nov. 2025 (%)","Total","Age (Youth, adults): 15+","2003",4.807,"Real value"
"United Kingdom of Great Britain and Northern Ireland","ILO - Modelled Estimates","Unemployment rate by sex and age -- ILO modelled estimates, Nov. 2025 (%)","Total","Age (Youth, adults): 15+","2002",5.037,"Real value"
"United Kingdom of Great Britain and Northern Ireland","ILO - Modelled Estimates","Unemployment rate by sex and age -- ILO modelled estimates, Nov. 2025 (%)","Total","Age (Youth, adults): 15+","2001",4.696,"Real value"
"United Kingdom of Great Britain and Northern Ireland","ILO - Modelled Estimates","Unemployment rate by sex and age -- ILO modelled estimates, Nov. 2025 (%)","Total","Age (Youth, adults): 15+","2000",5.558,"Real value"
"Nigeria","ILO - Modelled Estimates","Unemployment rate by sex and age -- ILO modelled estimates, Nov. 2025 (%)","Total","Age (Youth, adults): 15+","2026",3.106,
"Nigeria","ILO - Modelled Estimates","Unemployment rate by sex and age -- ILO modelled estimates, Nov. 2025 (%)","Total","Age (Youth, adults): 15+","2025",3.064,
"Nigeria","ILO - Modelled Estimates","Unemployment rate by sex and age -- ILO modelled estimates, Nov. 2025 (%)","Total","Age (Youth, adults): 15+","2024",3.045,
"Nigeria","ILO - Modelled Estimates","Unemployment rate by sex and age -- ILO modelled estimates, Nov. 2025 (%)","Total","Age (Youth, adults): 15+","2023",3.074,"Real value"
"Nigeria","ILO - Modelled Estimates","Unemployment rate by sex and age -- ILO modelled estimates, Nov. 2025 (%)","Total","Age (Youth, adults): 15+","2022",3.827,"Real value"
"Nigeria","ILO - Modelled Estimates","Unemployment rate by sex and age -- ILO modelled estimates, Nov. 2025 (%)","Total","Age (Youth, adults): 15+","2021",5.404,
"Nigeria","ILO - Modelled Estimates","Unemployment rate by sex and age -- ILO modelled estimates, Nov. 2025 (%)","Total","Age (Youth, adults): 15+","2020",5.714,
"Nigeria","ILO - Modelled Estimates","Unemployment rate by sex and age -- ILO modelled estimates, Nov. 2025 (%)","Total","Age (Youth, adults): 15+","2019",5.206,"Real value"
"Nigeria","ILO - Modelled Estimates","Unemployment rate by sex and age -- ILO modelled estimates, Nov. 2025 (%)","Total","Age (Youth, adults): 15+","2018",5.069,
"Nigeria","ILO - Modelled Estimates","Unemployment rate by sex and age -- ILO modelled estimates, Nov. 2025 (%)","Total","Age (Youth, adults): 15+","2017",4.83,
"Nigeria","ILO - Modelled Estimates","Unemployment rate by sex and age -- ILO modelled estimates, Nov. 2025 (%)","Total","Age (Youth, adults): 15+","2016",4.499,
"Nigeria","ILO - Modelled Estimates","Unemployment rate by sex and age -- ILO modelled estimates, Nov. 2025 (%)","Total","Age (Youth, adults): 15+","2015",4.134,
"Nigeria","ILO - Modelled Estimates","Unemployment rate by sex and age -- ILO modelled estimates, Nov. 2025 (%)","Total","Age (Youth, adults): 15+","2014",3.9,
"Nigeria","ILO - Modelled Estimates","Unemployment rate by sex and age -- ILO modelled estimates, Nov. 2025 (%)","Total","Age (Youth, adults): 15+","2013",3.711,"Real value"
"Nigeria","ILO - Modelled Estimates","Unemployment rate by sex and age -- ILO modelled estimates, Nov. 2025 (%)","Total","Age (Youth, adults): 15+","2012",3.761,
"Nigeria","ILO - Modelled Estimates","Unemployment rate by sex and age -- ILO modelled estimates, Nov. 2025 (%)","Total","Age (Youth, adults): 15+","2011",3.77,"Real value"
"Nigeria","ILO - Modelled Estimates","Unemployment rate by sex and age -- ILO modelled estimates, Nov. 2025 (%)","Total","Age (Youth, adults): 15+","2010",3.744,
"Nigeria","ILO - Modelled Estimates","Unemployment rate by sex and age -- ILO modelled estimates, Nov. 2025 (%)","Total","Age (Youth, adults): 15+","2009",3.763,
"Nigeria","ILO - Modelled Estimates","Unemployment rate by sex and age -- ILO modelled estimates, Nov. 2025 (%)","Total","Age (Youth, adults): 15+","2008",3.792,
"Nigeria","ILO - Modelled Estimates","Unemployment rate by sex and age -- ILO modelled estimates, Nov. 2025 (%)","Total","Age (Youth, adults): 15+","2007",3.794,
"Nigeria","ILO - Modelled Estimates","Unemployment rate by sex and age -- ILO modelled estimates, Nov. 2025 (%)","Total","Age (Youth, adults): 15+","2006",3.749,
"Nigeria","ILO - Modelled Estimates","Unemployment rate by sex and age -- ILO modelled estimates, Nov. 2025 (%)","Total","Age (Youth, adults): 15+","2005",3.727,
"Nigeria","ILO - Modelled Estimates","Unemployment rate by sex and age -- ILO modelled estimates, Nov. 2025 (%)","Total","Age (Youth, adults): 15+","2004",3.59,
"Nigeria","ILO - Modelled Estimates","Unemployment rate by sex and age -- ILO modelled estimates, Nov. 2025 (%)","Total","Age (Youth, adults): 15+","2003",3.637,
"Nigeria","ILO - Modelled Estimates","Unemployment rate by sex and age -- ILO modelled estimates, Nov. 2025 (%)","Total","Age (Youth, adults): 15+","2002",3.669,
"Nigeria","ILO - Modelled Estimates","Unemployment rate by sex and age -- ILO modelled estimates, Nov. 2025 (%)","Total","Age (Youth, adults): 15+","2001",3.9,
"Nigeria","ILO - Modelled Estimates","Unemployment rate by sex and age -- ILO modelled estimates, Nov. 2025 (%)","Total","Age (Youth, adults): 15+","2000",3.953,
